Once Upon a Time in America	Violence and mayhem ensue after a hunter stumbles upon a drug deal gone wrong and more than two million dollars in cash near the Rio Grande.	2023, 06, 14	adventure;action;drama	1922	http://somelink.com	http://somelink.com	Taron Egerton;Owen Wilson;Adrien Brody;Jason Schwartzman;Robert De Niro;James Woods;Elizabeth McGovern	Bryan Singer	126			52e00	Gwilym	Lee	lucy@gmail.com
Once Upon a Time in America	A look into the daily (or rather, nightly) lives of three vampires who've lived together for over 100 years, in Staten Island.	2023, 06, 14	crime;adventure;action;drama;family	1999	http://somelink.com	http://somelink.com	Owen Wilson;Adrien Brody;Jason Schwartzman;Robert De Niro;James Woods;Elizabeth McGovern	Bryan Singer	85			135e91	Lucy	Malek	keanu@gmail.com
What We Do in the Shadows	Violence and mayhem ensue after a hunter stumbles upon a drug deal gone wrong and more than two million dollars in cash near the Rio Grande.	2023, 06, 14	action;drama;family	1942	http://somelink.com	http://somelink.com	Matt Berry;Natasia Demetriou;Tom Hardy;Emily Browning;Taron Egerton	Bryan Singer	211			8b713	Gwilym	Lee	lucy@gmail.com
Matrix	A former Prohibition-era Jewish gangster returns to the Lower East Side of Manhattan over thirty years later, where he once again must confront the ghosts and regrets of his old life.	2023, 06, 14	action;drama;family	1977	http://somelink.com	http://somelink.com	Jason Schwartzman;Robert De Niro;James Woods;Elizabeth McGovern	Brian Helgeland	61			6ea41	Gwilym	Lee	lucy@gmail.com
Dardjeeling Limited	Identical twin gangsters Ronald and Reginald Kray terrorize London during the 1960s.	2023, 06, 14	comedy;crime;adventure	1930	http://somelink.com	http://somelink.com	Adrien Brody;Jason Schwartzman;Robert De Niro;James Woods;Elizabeth McGovern	Wachowski Brothers	221			1d8818	Rami	Reeves	gwilym@gmail.com
Matrix	Identical twin gangsters Ronald and Reginald Kray terrorize London during the 1960s.	2023, 06, 14	family	1981	http://somelink.com	http://somelink.com	Jason Schwartzman;Robert De Niro;James Woods;Elizabeth McGovern	Jemaine Clement	185			142ef5	Lucy	Lee	rami@gmail.com
Matrix	In 1862, Amsterdam Vallon returns to the Five Points area of New York City seeking revenge against Bill the Butcher, his father's killer.	2023, 06, 14	action;drama;family	1941	http://somelink.com	http://somelink.com	Natasia Demetriou;Tom Hardy;Emily Browning	Brian Helgeland	210			17a710	Keanu	Reeves	lucy@gmail.com
No Country for Old Men	Identical twin gangsters Ronald and Reginald Kray terrorize London during the 1960s.	2023, 06, 14	comedy;crime;adventure;action;drama	2000	http://somelink.com	http://somelink.com	Natasia Demetriou;Tom Hardy;Emily Browning;Taron Egerton;Owen Wilson;Adrien Brody;Jason Schwartzman	Brian Helgeland	146			15858b	Lucy	Lee	rami@gmail.com
Matrix	Identical twin gangsters Ronald and Reginald Kray terrorize London during the 1960s.	2023, 06, 14	crime;adventure;action;drama;family	1940	http://somelink.com	http://somelink.com	Robert De Niro;James Woods;Elizabeth McGovern	Ethan Coen	208			12e9ee	Gwilym	Reeves	gwilym@gmail.com
Dardjeeling Limited	In 1862, Amsterdam Vallon returns to the Five Points area of New York City seeking revenge against Bill the Butcher, his father's killer.	2023, 06, 14	family	1961	http://somelink.com	http://somelink.com	Owen Wilson;Adrien Brody;Jason Schwartzman;Robert De Niro;James Woods;Elizabeth McGovern	Jemaine Clement	53			138592	Gwilym	Lee	rami@gmail.com
Once Upon a Time in America	A year after their father's funeral, three brothers travel across India by train in an attempt to bond with each other.	2023, 06, 14	action;drama;family	1909	http://somelink.com	http://somelink.com	Elizabeth McGovern	Wachowski Brothers	238			8df14	Rami	Lee	keanu@gmail.com
Gangs of new york	A year after their father's funeral, three brothers travel across India by train in an attempt to bond with each other.	2023, 06, 14	family	1969	http://somelink.com	http://somelink.com	Owen Wilson;Adrien Brody;Jason Schwartzman;Robert De Niro;James Woods;Elizabeth McGovern	Jemaine Clement	150			19511d	Lucy	Boynton	rami@gmail.com
No Country for Old Men	Identical twin gangsters Ronald and Reginald Kray terrorize London during the 1960s.	2023, 06, 14	drama;family	1923	http://somelink.com	http://somelink.com	Tom Hardy;Emily Browning;Taron Egerton;Owen Wilson;Adrien Brody;Jason Schwartzman;Robert De Niro;James Woods;Elizabeth McGovern	Bryan Singer	176			f283f	Lucy	Boynton	rami@gmail.com
Once Upon a Time in America	In 1862, Amsterdam Vallon returns to the Five Points area of New York City seeking revenge against Bill the Butcher, his father's killer.	2023, 06, 14	action;drama;family	1996	http://somelink.com	http://somelink.com	Matt Berry;Natasia Demetriou	Wes Anderson	143			16876c	Lucy	Lee	rami@gmail.com
Once Upon a Time in America	In 1862, Amsterdam Vallon returns to the Five Points area of New York City seeking revenge against Bill the Butcher, his father's killer.	2023, 06, 14	crime;adventure;action;drama	1932	http://somelink.com	http://somelink.com	Matt Berry;Natasia Demetriou;Tom Hardy;Emily Browning;Taron Egerton;Owen Wilson;Adrien Brody;Jason Schwartzman	Martin Scorsese	106			13e989	Lucy	Reeves	gwilym@gmail.com
